2026-09-29 09:40,push,1
2026-09-29 12:45,push,1
2026-09-29 12:45,push,1
2026-09-29 15:45,push,1
2026-09-29 18:51,push,1
2026-09-29 19:46,push,1
2026-09-30 09:40,push,1
2026-09-30 09:41,push,1
2026-09-30 10:45,push,1
2026-09-30 14:48,push,1
2026-09-30 17:45,返信,1
2026-09-30 19:48,push,1
2026-10-01 09:40,push,1
2026-10-01 10:44,push,1
2026-10-01 17:46,push,1
2026-10-03 09:40,push,1
2026-10-03 10:10,push,1
2026-10-03 14:11,push,1
2026-10-03 14:50,push,1
2026-10-03 15:30,push,1
2026-10-03 15:36,push,1
2026-10-03 17:46,返信,1
2026-10-03 18:38,push,1
2026-10-03 18:47,push,1
2026-10-03 18:48,返信,1
2026-10-03 18:51,push,1
2026-10-04 07:45,push,1
2026-10-07 13:57,push,1
2026-10-08 09:46,push,1
2026-10-08 10:47,push,1
2026-10-08 11:45,push,1
2026-10-08 16:47,push,1
2026-10-08 16:47,push,1
2026-10-08 17:46,push,1
2026-10-09 13:46,push,1
2026-10-09 14:46,push,1
2026-10-10 08:46,push,1
2026-10-10 09:50,push,1
2026-10-10 10:08,push,1
2026-10-10 12:59,push,1
2026-10-10 14:16,push,1
2026-10-10 14:16,push,1
2026-10-10 14:32,push,1
2026-10-10 14:45,push,1
2026-10-10 16:45,push,1
2026-10-10 16:54,push,1
2026-10-10 17:22,返信,1
2026-10-10 17:45,push,1
2026-10-10 18:48,push,1
2026-10-11 09:40,push,1
